{"v":"5.12.1","fr":60,"ip":0,"op":540,"w":512,"h":512,"nm":"saku-logo","ddd":1,"assets":[],"layers":[{"ddd":0,"ind":1,"ty":13,"nm":"Камера 1","sr":1,"pe":{"a":0,"k":711.111,"ix":1},"ks":{"a":{"a":1,"k":[{"i":{"x":0.833,"y":0.833},"o":{"x":0.167,"y":0.167},"t":48,"s":[334,297,0],"to":[0,0,0],"ti":[0,0,0]},{"i":{"x":0.833,"y":0.833},"o":{"x":0.167,"y":0.167},"t":70,"s":[292,322,0],"to":[0,0,0],"ti":[0,0,0]},{"i":{"x":0.833,"y":0.833},"o":{"x":0.167,"y":0.167},"t":111,"s":[203,428.405,0],"to":[0,0,0],"ti":[0,0,0]},{"i":{"x":0.833,"y":0.833},"o":{"x":0.167,"y":0.167},"t":164,"s":[229,331.405,0],"to":[0,0,0],"ti":[0,0,0]},{"i":{"x":0.833,"y":0.833},"o":{"x":0.167,"y":0.167},"t":210,"s":[132,301.405,0],"to":[0,0,0],"ti":[0,0,0]},{"i":{"x":0.833,"y":0.833},"o":{"x":0.167,"y":0.167},"t":249,"s":[178,197.405,0],"to":[0,0,0],"ti":[0,0,0]},{"i":{"x":0.833,"y":0.833},"o":{"x":0.167,"y":0.167},"t":291,"s":[262,104.405,0],"to":[0,0,0],"ti":[0,0,0]},{"i":{"x":0.833,"y":0.833},"o":{"x":0.167,"y":0.167},"t":331,"s":[314,44.405,0],"to":[0,0,0],"ti":[0,0,0]},{"i":{"x":0.833,"y":0.833},"o":{"x":0.167,"y":0.167},"t":365,"s":[281,155.405,0],"to":[0,0,0],"ti":[0,0,0]},{"i":{"x":0.833,"y":0.833},"o":{"x":0.167,"y":0.167},"t":382,"s":[281,213.405,0],"to":[0,0,0],"ti":[0,0,0]},{"i":{"x":0.833,"y":0.833},"o":{"x":0.167,"y":0.167},"t":424,"s":[366,221.405,0],"to":[0,0,0],"ti":[0,0,0]},{"i":{"x":0.833,"y":0.833},"o":{"x":0.167,"y":0.167},"t":458,"s":[259,251.405,0],"to":[0,0,0],"ti":[0,0,0]},{"i":{"x":0.833,"y":0.833},"o":{"x":0.167,"y":0.167},"t":500,"s":[259,257.405,0],"to":[0,0,0],"ti":[0,0,0]},{"t":516,"s":[259,255.405,0]}],"ix":1},"p":{"a":1,"k":[{"i":{"x":0.833,"y":0.833},"o":{"x":0.167,"y":0.167},"t":0,"s":[256,256,-703.111],"to":[0,0,0],"ti":[0,0,0]},{"i":{"x":0.833,"y":0.833},"o":{"x":0.167,"y":0.167},"t":48,"s":[256,256,-304.111],"to":[0,0,0],"ti":[0,0,0]},{"i":{"x":0.833,"y":0.833},"o":{"x":0.167,"y":0.167},"t":70,"s":[256,256,-329.111],"to":[0,0,0],"ti":[0,0,0]},{"i":{"x":0.833,"y":0.833},"o":{"x":0.167,"y":0.167},"t":111,"s":[256,256,-329.111],"to":[0,0,0],"ti":[0,0,0]},{"i":{"x":0.833,"y":0.833},"o":{"x":0.167,"y":0.167},"t":458,"s":[256,256,-368.111],"to":[0,0,0],"ti":[0,0,0]},{"i":{"x":0.833,"y":0.833},"o":{"x":0.167,"y":0.167},"t":500,"s":[256,256,-689.111],"to":[0,0,0],"ti":[0,0,0]},{"i":{"x":0.833,"y":0.833},"o":{"x":0.167,"y":0.167},"t":516,"s":[256,256,-664],"to":[0,0,0],"ti":[0,0,0]},{"t":535,"s":[256,256,-688.111]}],"ix":2},"or":{"a":0,"k":[0,0,0],"ix":7},"rx":{"a":0,"k":0,"ix":8},"ry":{"a":0,"k":0,"ix":9},"rz":{"a":0,"k":0,"ix":10}},"ip":0,"op":1800,"st":0,"bm":0},{"ddd":1,"ind":2,"ty":4,"nm":"Кривые Слой 1","sr":1,"ks":{"o":{"a":0,"k":100,"ix":11},"rx":{"a":0,"k":0,"ix":8},"ry":{"a":0,"k":0,"ix":9},"rz":{"a":0,"k":0,"ix":10},"or":{"a":0,"k":[0,0,0],"ix":7},"p":{"a":0,"k":[256.595,256.325,0],"ix":2},"a":{"a":0,"k":[196.933,290.234,0],"ix":1},"s":{"a":0,"k":[100,100,100],"ix":6}},"ao":0,"shapes":[{"ty":"gr","it":[{"ind":0,"ty":"sh","ix":1,"ks":{"a":0,"k":{"i":[[0.053,-2.335],[0.386,-0.895],[62.937,-81.361],[1.598,-0.675],[1.203,0.359],[0.316,0.807],[-0.044,2.01],[-0.166,0.737],[-20.426,59.092],[0,0],[0.526,0.105],[0.299,0.562],[0.018,1.141],[-1.984,3.906],[-9.761,12.315],[-5.284,0.131],[-3.599,-3.897],[0.131,-0.544],[18.837,-56.582],[0,0],[-2.765,-2.493],[-0.544,-1.123]],"o":[[-0.044,1.914],[-62.937,81.361],[-0.746,0.659],[-4.125,1.747],[-6.364,-1.914],[-0.395,-1.097],[0.026,-1.009],[20.435,-59.092],[0,0],[-0.29,-0.008],[-4.424,-0.851],[-1.281,-2.423],[0,0],[3.967,-7.821],[1.018,-0.905],[1.572,-0.044],[4.31,4.661],[-18.838,56.582],[0,0],[1.387,0.228],[1.676,1.519],[0.439,0.939]],"v":[[132.329,-27.172],[131.382,-22.87],[-57.42,221.205],[-60.922,223.417],[-70.086,223.848],[-79.25,215.105],[-80.031,210.347],[-79.698,207.714],[-18.402,30.438],[-122.612,30.208],[-123.876,30.069],[-130.935,24.39],[-132.303,18.588],[-130.398,10.714],[51.012,-221.038],[60.852,-224.987],[71.069,-221.267],[73.764,-209.671],[17.261,-39.934],[120.884,-39.934],[128.072,-36.502],[131.259,-32.236]],"c":true},"ix":2},"nm":"Контур 1","mn":"ADBE Vector Shape - Group","hd":false},{"ty":"st","c":{"a":0,"k":[0.113725497676,0.113725497676,0.105882360421,1],"ix":3},"o":{"a":0,"k":100,"ix":4},"w":{"a":0,"k":26,"ix":5},"lc":2,"lj":2,"bm":0,"nm":"Обводка 1","mn":"ADBE Vector Graphic - Stroke","hd":false},{"ty":"fl","c":{"a":0,"k":[0.862745157878,0.682352941176,1,1],"ix":4},"o":{"a":0,"k":100,"ix":5},"r":1,"bm":0,"nm":"Заливка 1","mn":"ADBE Vector Graphic - Fill","hd":false},{"ty":"tr","p":{"a":0,"k":[197.382,290.164],"ix":2},"a":{"a":0,"k":[0,0],"ix":1},"s":{"a":0,"k":[100,100],"ix":3},"r":{"a":0,"k":0,"ix":6},"o":{"a":0,"k":100,"ix":7},"sk":{"a":0,"k":0,"ix":4},"sa":{"a":0,"k":0,"ix":5},"nm":"Преобразовать"}],"nm":"Группа 8","np":3,"cix":2,"bm":0,"ix":2,"mn":"ADBE Vector Group","hd":false},{"ty":"tm","s":{"a":0,"k":0,"ix":1},"e":{"a":1,"k":[{"i":{"x":[0.833],"y":[0.833]},"o":{"x":[0.167],"y":[0.167]},"t":0,"s":[0]},{"t":424,"s":[100]}],"ix":2},"o":{"a":0,"k":0,"ix":3},"m":1,"ix":3,"nm":"Обрезать контуры 1","mn":"ADBE Vector Filter - Trim","hd":false}],"ip":0,"op":1800,"st":0,"ct":1,"bm":0}],"markers":[],"props":{}}